sim_ns,signal_id,bus_id,attack_kind,detected,extra,note
9358809,4,0,1,0,0,"replay injected"
11596713,4,0,1,0,0,"replay injected"
13858413,4,0,1,0,0,"replay injected"
16124179,4,0,1,0,0,"replay injected"
18368179,4,0,1,0,0,"replay injected"
20632305,4,0,1,0,0,"replay injected"
22896186,4,0,1,0,0,"replay injected"
25164728,4,0,1,0,0,"replay injected"
27408722,4,0,1,0,0,"replay injected"
29671212,4,0,1,0,0,"replay injected"
31939140,4,0,1,0,0,"replay injected"
34189080,4,0,1,0,0,"replay injected"
36449827,4,0,1,0,0,"replay injected"
38754134,4,0,1,0,0,"replay injected"
41028154,4,0,1,0,0,"replay injected"
43255084,4,0,1,0,0,"replay injected"
45531572,4,0,1,0,0,"replay injected"
47808433,4,0,1,0,0,"replay injected"
50058931,4,0,1,0,0,"replay injected"
52372385,4,0,1,0,0,"replay injected"
54608240,4,0,1,0,0,"replay injected"
56876062,4,0,1,0,0,"replay injected"
59117514,4,0,1,0,0,"replay injected"
61405570,4,0,1,0,0,"replay injected"
63657896,4,0,1,0,0,"replay injected"
65882639,4,0,1,0,0,"replay injected"
68140486,4,0,1,0,0,"replay injected"
70382255,4,0,1,0,0,"replay injected"
72650444,4,0,1,0,0,"replay injected"
74880853,4,0,1,0,0,"replay injected"
77150440,4,0,1,0,0,"replay injected"
79469879,4,0,1,0,0,"replay injected"
81738367,4,0,1,0,0,"replay injected"
84033413,4,0,1,0,0,"replay injected"
86355078,4,0,1,0,0,"replay injected"
88617318,4,0,1,0,0,"replay injected"
90886430,4,0,1,0,0,"replay injected"
93144535,4,0,1,0,0,"replay injected"
95378587,4,0,1,0,0,"replay injected"
97632917,4,0,1,0,0,"replay injected"
99865315,4,0,1,0,0,"replay injected"
102144247,4,0,1,0,0,"replay injected"
104420361,4,0,1,0,0,"replay injected"
106671000,4,0,1,0,0,"replay injected"
108950495,4,0,1,0,0,"replay injected"
111211326,4,0,1,0,0,"replay injected"
113454997,4,0,1,0,0,"replay injected"
115754087,4,0,1,0,0,"replay injected"
118030564,4,0,1,0,0,"replay injected"
119982968,4,0,1,0,0,"replay injected"
121413145,4,0,1,0,0,"replay injected"
123722653,4,0,1,0,0,"replay injected"
126005399,4,0,1,0,0,"replay injected"
128283370,4,0,1,0,0,"replay injected"
130601496,4,0,1,0,0,"replay injected"
132915758,4,0,1,0,0,"replay injected"
135177761,4,0,1,0,0,"replay injected"
137417406,4,0,1,0,0,"replay injected"
139673967,4,0,1,0,0,"replay injected"
141951558,4,0,1,0,0,"replay injected"
144223096,4,0,1,0,0,"replay injected"
146495008,4,0,1,0,0,"replay injected"
148797027,4,0,1,0,0,"replay injected"
150503688,4,0,1,0,0,"replay injected"
152186527,4,0,1,0,0,"replay injected"
154627552,4,0,1,0,0,"replay injected"
156889199,4,0,1,0,0,"replay injected"
159194424,4,0,1,0,0,"replay injected"
161482719,4,0,1,0,0,"replay injected"
162150055,4,0,1,0,0,"replay injected"
162855135,4,0,1,0,0,"replay injected"
164783416,4,0,1,0,0,"replay injected"
167071722,4,0,1,0,0,"replay injected"
169336619,4,0,1,0,0,"replay injected"
171632569,4,0,1,0,0,"replay injected"
173890769,4,0,1,0,0,"replay injected"
176151318,4,0,1,0,0,"replay injected"
178436740,4,0,1,0,0,"replay injected"
180732916,4,0,1,0,0,"replay injected"
181691265,4,0,1,0,0,"replay injected"
182363830,4,0,1,0,0,"replay injected"
183788802,4,0,1,0,0,"replay injected"
186100589,4,0,1,0,0,"replay injected"
188353185,4,0,1,0,0,"replay injected"
190590387,4,0,1,0,0,"replay injected"
192846000,4,0,1,0,0,"replay injected"
195098014,4,0,1,0,0,"replay injected"
197351775,4,0,1,0,0,"replay injected"
198109830,4,0,1,0,0,"replay injected"
199592981,4,0,1,0,0,"replay injected"
200768643,4,0,1,0,0,"replay injected"
203034017,4,0,1,0,0,"replay injected"
205304404,4,0,1,0,0,"replay injected"
207576915,4,0,1,0,0,"replay injected"
209775700,4,0,1,0,0,"replay injected"
212022498,4,0,1,0,0,"replay injected"
214318114,4,0,1,0,0,"replay injected"
215056439,4,0,1,0,0,"replay injected"
216633069,4,0,1,0,0,"replay injected"
217811307,4,0,1,0,0,"replay injected"
220132120,4,0,1,0,0,"replay injected"
222427962,4,0,1,0,0,"replay injected"
224438717,4,0,1,0,0,"replay injected"
225786063,4,0,1,0,0,"replay injected"
228057756,4,0,1,0,0,"replay injected"
230301495,4,0,1,0,0,"replay injected"
232528195,4,0,1,0,0,"replay injected"
234820100,4,0,1,0,0,"replay injected"
237219580,4,0,1,0,0,"replay injected"
239541124,4,0,1,0,0,"replay injected"
241786465,4,0,1,0,0,"replay injected"
244041156,4,0,1,0,0,"replay injected"
246316588,4,0,1,0,0,"replay injected"
248595373,4,0,1,0,0,"replay injected"
250887238,4,0,1,0,0,"replay injected"
252086413,4,0,1,0,0,"replay injected"
254394252,4,0,1,0,0,"replay injected"
256646629,4,0,1,0,0,"replay injected"
258879036,4,0,1,0,0,"replay injected"
261116986,4,0,1,0,0,"replay injected"
263351230,4,0,1,0,0,"replay injected"
265579372,4,0,1,0,0,"replay injected"
267864887,4,0,1,0,0,"replay injected"
270108427,4,0,1,0,0,"replay injected"
272391066,4,0,1,0,0,"replay injected"
274700215,4,0,1,0,0,"replay injected"
277016626,4,0,1,0,0,"replay injected"
279273129,4,0,1,0,0,"replay injected"
281532826,4,0,1,0,0,"replay injected"
283830031,4,0,1,0,0,"replay injected"
286167166,4,0,1,0,0,"replay injected"
288416878,4,0,1,0,0,"replay injected"
290784992,4,0,1,0,0,"replay injected"
293047299,4,0,1,0,0,"replay injected"
295302679,4,0,1,0,0,"replay injected"
297604775,4,0,1,0,0,"replay injected"
299912151,4,0,1,0,0,"replay injected"
302155999,4,0,1,0,0,"replay injected"
303318099,4,0,1,0,0,"replay injected"
305619387,4,0,1,0,0,"replay injected"
307883501,4,0,1,0,0,"replay injected"
310862910,4,0,1,0,0,"replay injected"
313150515,4,0,1,0,0,"replay injected"
315440077,4,0,1,0,0,"replay injected"
317739986,4,0,1,0,0,"replay injected"
320006284,4,0,1,0,0,"replay injected"
322309878,4,0,1,0,0,"replay injected"
324584660,4,0,1,0,0,"replay injected"
326789100,4,0,1,0,0,"replay injected"
329080327,4,0,1,0,0,"replay injected"
331369625,4,0,1,0,0,"replay injected"
333638142,4,0,1,0,0,"replay injected"
335869934,4,0,1,0,0,"replay injected"
338139344,4,0,1,0,0,"replay injected"
340411208,4,0,1,0,0,"replay injected"
342662942,4,0,1,0,0,"replay injected"
344874054,4,0,1,0,0,"replay injected"
347136645,4,0,1,0,0,"replay injected"
349438286,4,0,1,0,0,"replay injected"
351743181,4,0,1,0,0,"replay injected"
354015004,4,0,1,0,0,"replay injected"
356271433,4,0,1,0,0,"replay injected"
358533401,4,0,1,0,0,"replay injected"
360773446,4,0,1,0,0,"replay injected"
363021877,4,0,1,0,0,"replay injected"
365362898,4,0,1,0,0,"replay injected"
367632658,4,0,1,0,0,"replay injected"
369869604,4,0,1,0,0,"replay injected"
372098527,4,0,1,0,0,"replay injected"
374383939,4,0,1,0,0,"replay injected"
376702970,4,0,1,0,0,"replay injected"
379011839,4,0,1,0,0,"replay injected"
381297533,4,0,1,0,0,"replay injected"
383594387,4,0,1,0,0,"replay injected"
386108399,4,0,1,0,0,"replay injected"
388391746,4,0,1,0,0,"replay injected"
390643333,4,0,1,0,0,"replay injected"
392904995,4,0,1,0,0,"replay injected"
395181448,4,0,1,0,0,"replay injected"
397447822,4,0,1,0,0,"replay injected"
399752141,4,0,1,0,0,"replay injected"
402033388,4,0,1,0,0,"replay injected"
404287268,4,0,1,0,0,"replay injected"
406530610,4,0,1,0,0,"replay injected"
408781766,4,0,1,0,0,"replay injected"
411096547,4,0,1,0,0,"replay injected"
413360267,4,0,1,0,0,"replay injected"
415613736,4,0,1,0,0,"replay injected"
417879834,4,0,1,0,0,"replay injected"
420187146,4,0,1,0,0,"replay injected"
422437765,4,0,1,0,0,"replay injected"
424673360,4,0,1,0,0,"replay injected"
426919843,4,0,1,0,0,"replay injected"
429191242,4,0,1,0,0,"replay injected"
431464116,4,0,1,0,0,"replay injected"
433778765,4,0,1,0,0,"replay injected"
436055755,4,0,1,0,0,"replay injected"
440028137,4,0,2,0,0,"payload bit-flip"
441556483,4,0,2,0,0,"payload bit-flip"
442631395,4,0,2,0,0,"payload bit-flip"
444895205,4,0,2,0,0,"payload bit-flip"
447155556,4,0,2,0,0,"payload bit-flip"
449409436,4,0,2,0,0,"payload bit-flip"
451655553,4,0,2,0,0,"payload bit-flip"
453878405,4,0,2,0,0,"payload bit-flip"
456126975,4,0,2,0,0,"payload bit-flip"
458385032,4,0,2,0,0,"payload bit-flip"
460662848,4,0,2,0,0,"payload bit-flip"
462891863,4,0,2,0,0,"payload bit-flip"
465134827,4,0,2,0,0,"payload bit-flip"
467397374,4,0,2,0,0,"payload bit-flip"
469666378,4,0,2,0,0,"payload bit-flip"
471872996,4,0,2,0,0,"payload bit-flip"
474125902,4,0,2,0,0,"payload bit-flip"
476399820,4,0,2,0,0,"payload bit-flip"
478741325,4,0,2,0,0,"payload bit-flip"
480966455,4,0,2,0,0,"payload bit-flip"
483197444,4,0,2,0,0,"payload bit-flip"
485591047,4,0,2,0,0,"payload bit-flip"
487830100,4,0,2,0,0,"payload bit-flip"
490106797,4,0,2,0,0,"payload bit-flip"
492374739,4,0,2,0,0,"payload bit-flip"
494621922,4,0,2,0,0,"payload bit-flip"
496925476,4,0,2,0,0,"payload bit-flip"
499214156,4,0,2,0,0,"payload bit-flip"
501147869,4,0,2,0,0,"payload bit-flip"
502627766,4,0,2,0,0,"payload bit-flip"
504911703,4,0,2,0,0,"payload bit-flip"
507236479,4,0,2,0,0,"payload bit-flip"
509531694,4,0,2,0,0,"payload bit-flip"
511807177,4,0,2,0,0,"payload bit-flip"
514110872,4,0,2,0,0,"payload bit-flip"
516489266,4,0,2,0,0,"payload bit-flip"
518829719,4,0,2,0,0,"payload bit-flip"
521139049,4,0,2,0,0,"payload bit-flip"
523433917,4,0,2,0,0,"payload bit-flip"
525752065,4,0,2,0,0,"payload bit-flip"
528064150,4,0,2,0,0,"payload bit-flip"
530338584,4,0,2,0,0,"payload bit-flip"
532600934,4,0,2,0,0,"payload bit-flip"
534903207,4,0,2,0,0,"payload bit-flip"
535690723,4,0,2,0,0,"payload bit-flip"
536453743,4,0,2,0,0,"payload bit-flip"
537656804,4,0,2,0,0,"payload bit-flip"
539936485,4,0,2,0,0,"payload bit-flip"
542200117,4,0,2,0,0,"payload bit-flip"
544496006,4,0,2,0,0,"payload bit-flip"
546802024,4,0,2,0,0,"payload bit-flip"
549065777,4,0,2,0,0,"payload bit-flip"
551327210,4,0,2,0,0,"payload bit-flip"
553589257,4,0,2,0,0,"payload bit-flip"
554337943,4,0,2,0,0,"payload bit-flip"
555883258,4,0,2,0,0,"payload bit-flip"
558167311,4,0,2,0,0,"payload bit-flip"
560517591,4,0,2,0,0,"payload bit-flip"
562785678,4,0,2,0,0,"payload bit-flip"
565073607,4,0,2,0,0,"payload bit-flip"
567336138,4,0,2,0,0,"payload bit-flip"
569610449,4,0,2,0,0,"payload bit-flip"
571883605,4,0,2,0,0,"payload bit-flip"
574181168,4,0,2,0,0,"payload bit-flip"
576460304,4,0,2,0,0,"payload bit-flip"
578735416,4,0,2,0,0,"payload bit-flip"
580963695,4,0,2,0,0,"payload bit-flip"
583241223,4,0,2,0,0,"payload bit-flip"
585641909,4,0,2,0,0,"payload bit-flip"
586746866,4,0,2,0,0,"payload bit-flip"
589028104,4,0,2,0,0,"payload bit-flip"
591326234,4,0,2,0,0,"payload bit-flip"
593605081,4,0,2,0,0,"payload bit-flip"
595871659,4,0,2,0,0,"payload bit-flip"
598118032,4,0,2,0,0,"payload bit-flip"
600356982,4,0,2,0,0,"payload bit-flip"
602605081,4,0,2,0,0,"payload bit-flip"
604853671,4,0,2,0,0,"payload bit-flip"
607083252,4,0,2,0,0,"payload bit-flip"
609351069,4,0,2,0,0,"payload bit-flip"
611604351,4,0,2,0,0,"payload bit-flip"
613873294,4,0,2,0,0,"payload bit-flip"
616119156,4,0,2,0,0,"payload bit-flip"
618345986,4,0,2,0,0,"payload bit-flip"
620594073,4,0,2,0,0,"payload bit-flip"
622841991,4,0,2,0,0,"payload bit-flip"
625071120,4,0,2,0,0,"payload bit-flip"
627326456,4,0,2,0,0,"payload bit-flip"
629608685,4,0,2,0,0,"payload bit-flip"
631868377,4,0,2,0,0,"payload bit-flip"
634112885,4,0,2,0,0,"payload bit-flip"
636401928,4,0,2,0,0,"payload bit-flip"
638656140,4,0,2,0,0,"payload bit-flip"
640737423,4,0,2,0,0,"payload bit-flip"
643025382,4,0,2,0,0,"payload bit-flip"
645309490,4,0,2,0,0,"payload bit-flip"
647592233,4,0,2,0,0,"payload bit-flip"
649912375,4,0,2,0,0,"payload bit-flip"
652155361,4,0,2,0,0,"payload bit-flip"
654414978,4,0,2,0,0,"payload bit-flip"
655582208,4,0,2,0,0,"payload bit-flip"
657846459,4,0,2,0,0,"payload bit-flip"
660243640,4,0,2,0,0,"payload bit-flip"
662515083,4,0,2,0,0,"payload bit-flip"
664780690,4,0,2,0,0,"payload bit-flip"
667049022,4,0,2,0,0,"payload bit-flip"
669316987,4,0,2,0,0,"payload bit-flip"
671572570,4,0,2,0,0,"payload bit-flip"
673810119,4,0,2,0,0,"payload bit-flip"
676076582,4,0,2,0,0,"payload bit-flip"
678348615,4,0,2,0,0,"payload bit-flip"
680610887,4,0,2,0,0,"payload bit-flip"
682855235,4,0,2,0,0,"payload bit-flip"
685157159,4,0,2,0,0,"payload bit-flip"
687356451,4,0,2,0,0,"payload bit-flip"
688502214,4,0,2,0,0,"payload bit-flip"
690764064,4,0,2,0,0,"payload bit-flip"
693002214,4,0,2,0,0,"payload bit-flip"
695239679,4,0,2,0,0,"payload bit-flip"
697467174,4,0,2,0,0,"payload bit-flip"
699703580,4,0,2,0,0,"payload bit-flip"
702004937,4,0,2,0,0,"payload bit-flip"
704303564,4,0,2,0,0,"payload bit-flip"
706653960,4,0,2,0,0,"payload bit-flip"
708886708,4,0,2,0,0,"payload bit-flip"
711136987,4,0,2,0,0,"payload bit-flip"
713419286,4,0,2,0,0,"payload bit-flip"
715670941,4,0,2,0,0,"payload bit-flip"
717882406,4,0,2,0,0,"payload bit-flip"
720139214,4,0,2,0,0,"payload bit-flip"
722386841,4,0,2,0,0,"payload bit-flip"
724638377,4,0,2,0,0,"payload bit-flip"
726878507,4,0,2,0,0,"payload bit-flip"
729125522,4,0,2,0,0,"payload bit-flip"
731373229,4,0,2,0,0,"payload bit-flip"
732575858,4,0,2,0,0,"payload bit-flip"
734885481,4,0,2,0,0,"payload bit-flip"
737167945,4,0,2,0,0,"payload bit-flip"
739438105,4,0,2,0,0,"payload bit-flip"
741686974,4,0,2,0,0,"payload bit-flip"
743961739,4,0,2,0,0,"payload bit-flip"
746241408,4,0,2,0,0,"payload bit-flip"
748540236,4,0,2,0,0,"payload bit-flip"
750798401,4,0,2,0,0,"payload bit-flip"
753063339,4,0,2,0,0,"payload bit-flip"
755298303,4,0,2,0,0,"payload bit-flip"
756477543,4,0,2,0,0,"payload bit-flip"
759960034,4,0,2,0,0,"payload bit-flip"
762233025,4,0,2,0,0,"payload bit-flip"
764512955,4,0,2,0,0,"payload bit-flip"
766794577,4,0,2,0,0,"payload bit-flip"
769056361,4,0,2,0,0,"payload bit-flip"
771332993,4,0,2,0,0,"payload bit-flip"
773628082,4,0,2,0,0,"payload bit-flip"
775920235,4,0,2,0,0,"payload bit-flip"
778282221,4,0,2,0,0,"payload bit-flip"
780586841,4,0,2,0,0,"payload bit-flip"
782861305,4,0,2,0,0,"payload bit-flip"
785139377,4,0,2,0,0,"payload bit-flip"
786293176,4,0,2,0,0,"payload bit-flip"
788543481,4,0,2,0,0,"payload bit-flip"
790880097,4,0,2,0,0,"payload bit-flip"
793169491,4,0,2,0,0,"payload bit-flip"
795438323,4,0,2,0,0,"payload bit-flip"
797761221,4,0,2,0,0,"payload bit-flip"
800053715,4,0,2,0,0,"payload bit-flip"
802304124,4,0,2,0,0,"payload bit-flip"
804562077,4,0,2,0,0,"payload bit-flip"
806781371,4,0,2,0,0,"payload bit-flip"
807871586,4,0,2,0,0,"payload bit-flip"
810170109,4,0,2,0,0,"payload bit-flip"
812464095,4,0,2,0,0,"payload bit-flip"
814748243,4,0,2,0,0,"payload bit-flip"
817007331,4,0,2,0,0,"payload bit-flip"
819257720,4,0,2,0,0,"payload bit-flip"
821497439,4,0,2,0,0,"payload bit-flip"
823744766,4,0,2,0,0,"payload bit-flip"
826005834,4,0,2,0,0,"payload bit-flip"
828284876,4,0,2,0,0,"payload bit-flip"
830520735,4,0,2,0,0,"payload bit-flip"
832826498,4,0,2,0,0,"payload bit-flip"
835113603,4,0,2,0,0,"payload bit-flip"
837398541,4,0,2,0,0,"payload bit-flip"
839690702,4,0,2,0,0,"payload bit-flip"
842000235,4,0,2,0,0,"payload bit-flip"
844287722,4,0,2,0,0,"payload bit-flip"
846534388,4,0,2,0,0,"payload bit-flip"
847723228,4,0,2,0,0,"payload bit-flip"
849959879,4,0,2,0,0,"payload bit-flip"
852282703,4,0,2,0,0,"payload bit-flip"
854528651,4,0,2,0,0,"payload bit-flip"
856251536,4,0,2,0,0,"payload bit-flip"
857882771,4,0,2,0,0,"payload bit-flip"
860119730,4,0,2,0,0,"payload bit-flip"
862404288,4,0,2,0,0,"payload bit-flip"
864660959,4,0,2,0,0,"payload bit-flip"
866885045,4,0,2,0,0,"payload bit-flip"
869144268,4,0,2,0,0,"payload bit-flip"
871413113,4,0,2,0,0,"payload bit-flip"
873661656,4,0,2,0,0,"payload bit-flip"
877515849,4,0,3,0,0,"authenticator bit-flip"
879160415,4,0,3,0,0,"authenticator bit-flip"
881451363,4,0,3,0,0,"authenticator bit-flip"
883673247,4,0,3,0,0,"authenticator bit-flip"
886132317,4,0,3,0,0,"authenticator bit-flip"
888366193,4,0,3,0,0,"authenticator bit-flip"
890599749,4,0,3,0,0,"authenticator bit-flip"
892911378,4,0,3,0,0,"authenticator bit-flip"
895201541,4,0,3,0,0,"authenticator bit-flip"
897433272,4,0,3,0,0,"authenticator bit-flip"
899683340,4,0,3,0,0,"authenticator bit-flip"
901981179,4,0,3,0,0,"authenticator bit-flip"
904231698,4,0,3,0,0,"authenticator bit-flip"
906515997,4,0,3,0,0,"authenticator bit-flip"
908760835,4,0,3,0,0,"authenticator bit-flip"
910994680,4,0,3,0,0,"authenticator bit-flip"
913310814,4,0,3,0,0,"authenticator bit-flip"
915544843,4,0,3,0,0,"authenticator bit-flip"
917792023,4,0,3,0,0,"authenticator bit-flip"
920056869,4,0,3,0,0,"authenticator bit-flip"
922324165,4,0,3,0,0,"authenticator bit-flip"
924562969,4,0,3,0,0,"authenticator bit-flip"
926839411,4,0,3,0,0,"authenticator bit-flip"
929067401,4,0,3,0,0,"authenticator bit-flip"
929769965,4,0,3,0,0,"authenticator bit-flip"
931332336,4,0,3,0,0,"authenticator bit-flip"
933585271,4,0,3,0,0,"authenticator bit-flip"
935770615,4,0,3,0,0,"authenticator bit-flip"
938029694,4,0,3,0,0,"authenticator bit-flip"
940310756,4,0,3,0,0,"authenticator bit-flip"
942603787,4,0,3,0,0,"authenticator bit-flip"
944853997,4,0,3,0,0,"authenticator bit-flip"
947119652,4,0,3,0,0,"authenticator bit-flip"
949353510,4,0,3,0,0,"authenticator bit-flip"
951625767,4,0,3,0,0,"authenticator bit-flip"
953889440,4,0,3,0,0,"authenticator bit-flip"
954980961,4,0,3,0,0,"authenticator bit-flip"
957253629,4,0,3,0,0,"authenticator bit-flip"
958406754,4,0,3,0,0,"authenticator bit-flip"
960612795,4,0,3,0,0,"authenticator bit-flip"
962872864,4,0,3,0,0,"authenticator bit-flip"
965171366,4,0,3,0,0,"authenticator bit-flip"
966868615,4,0,3,0,0,"authenticator bit-flip"
967530732,4,0,3,0,0,"authenticator bit-flip"
968229189,4,0,3,0,0,"authenticator bit-flip"
968861966,4,0,3,0,0,"authenticator bit-flip"
970650592,4,0,3,0,0,"authenticator bit-flip"
972872719,4,0,3,0,0,"authenticator bit-flip"
975181149,4,0,3,0,0,"authenticator bit-flip"
977418361,4,0,3,0,0,"authenticator bit-flip"
979680154,4,0,3,0,0,"authenticator bit-flip"
981939990,4,0,3,0,0,"authenticator bit-flip"
984203022,4,0,3,0,0,"authenticator bit-flip"
986599624,4,0,3,0,0,"authenticator bit-flip"
988905745,4,0,3,0,0,"authenticator bit-flip"
991166598,4,0,3,0,0,"authenticator bit-flip"
993421518,4,0,3,0,0,"authenticator bit-flip"
995680373,4,0,3,0,0,"authenticator bit-flip"
997927988,4,0,3,0,0,"authenticator bit-flip"
1000150140,4,0,3,0,0,"authenticator bit-flip"
1002389897,4,0,3,0,0,"authenticator bit-flip"
1004637534,4,0,3,0,0,"authenticator bit-flip"
1006870581,4,0,3,0,0,"authenticator bit-flip"
1009106679,4,0,3,0,0,"authenticator bit-flip"
1011344954,4,0,3,0,0,"authenticator bit-flip"
1013579994,4,0,3,0,0,"authenticator bit-flip"
1015772412,4,0,3,0,0,"authenticator bit-flip"
1018028783,4,0,3,0,0,"authenticator bit-flip"
1020312103,4,0,3,0,0,"authenticator bit-flip"
1022612828,4,0,3,0,0,"authenticator bit-flip"
1024867818,4,0,3,0,0,"authenticator bit-flip"
1027099201,4,0,3,0,0,"authenticator bit-flip"
1029329493,4,0,3,0,0,"authenticator bit-flip"
1031569521,4,0,3,0,0,"authenticator bit-flip"
1033903819,4,0,3,0,0,"authenticator bit-flip"
1036123040,4,0,3,0,0,"authenticator bit-flip"
1038366100,4,0,3,0,0,"authenticator bit-flip"
1040642300,4,0,3,0,0,"authenticator bit-flip"
1042873632,4,0,3,0,0,"authenticator bit-flip"
1045109936,4,0,3,0,0,"authenticator bit-flip"
1047348766,4,0,3,0,0,"authenticator bit-flip"
1049599674,4,0,3,0,0,"authenticator bit-flip"
1051863166,4,0,3,0,0,"authenticator bit-flip"
1054096881,4,0,3,0,0,"authenticator bit-flip"
1055241527,4,0,3,0,0,"authenticator bit-flip"
1057468303,4,0,3,0,0,"authenticator bit-flip"
1058632858,4,0,3,0,0,"authenticator bit-flip"
1060884066,4,0,3,0,0,"authenticator bit-flip"
1063205845,4,0,3,0,0,"authenticator bit-flip"
1065470001,4,0,3,0,0,"authenticator bit-flip"
1067706201,4,0,3,0,0,"authenticator bit-flip"
1069969335,4,0,3,0,0,"authenticator bit-flip"
1072217146,4,0,3,0,0,"authenticator bit-flip"
1074465772,4,0,3,0,0,"authenticator bit-flip"
1076726710,4,0,3,0,0,"authenticator bit-flip"
1078976691,4,0,3,0,0,"authenticator bit-flip"
1081223394,4,0,3,0,0,"authenticator bit-flip"
1083453879,4,0,3,0,0,"authenticator bit-flip"
1085845129,4,0,3,0,0,"authenticator bit-flip"
1088074430,4,0,3,0,0,"authenticator bit-flip"
1090345420,4,0,3,0,0,"authenticator bit-flip"
1092597096,4,0,3,0,0,"authenticator bit-flip"
1093653595,4,0,3,0,0,"authenticator bit-flip"
1095873874,4,0,3,0,0,"authenticator bit-flip"
1098110527,4,0,3,0,0,"authenticator bit-flip"
1100346137,4,0,3,0,0,"authenticator bit-flip"
1102604557,4,0,3,0,0,"authenticator bit-flip"
1104872000,4,0,3,0,0,"authenticator bit-flip"
1107115468,4,0,3,0,0,"authenticator bit-flip"
1109357510,4,0,3,0,0,"authenticator bit-flip"
1111603440,4,0,3,0,0,"authenticator bit-flip"
1113847532,4,0,3,0,0,"authenticator bit-flip"
1116101865,4,0,3,0,0,"authenticator bit-flip"
1118367854,4,0,3,0,0,"authenticator bit-flip"
1120645672,4,0,3,0,0,"authenticator bit-flip"
1122863382,4,0,3,0,0,"authenticator bit-flip"
1125104064,4,0,3,0,0,"authenticator bit-flip"
1127320348,4,0,3,0,0,"authenticator bit-flip"
1129554642,4,0,3,0,0,"authenticator bit-flip"
1131791826,4,0,3,0,0,"authenticator bit-flip"
1134091271,4,0,3,0,0,"authenticator bit-flip"
1136329565,4,0,3,0,0,"authenticator bit-flip"
1138562902,4,0,3,0,0,"authenticator bit-flip"
1140877382,4,0,3,0,0,"authenticator bit-flip"
1143136419,4,0,3,0,0,"authenticator bit-flip"
1145375286,4,0,3,0,0,"authenticator bit-flip"
1147649815,4,0,3,0,0,"authenticator bit-flip"
1149870981,4,0,3,0,0,"authenticator bit-flip"
1152096471,4,0,3,0,0,"authenticator bit-flip"
1154358182,4,0,3,0,0,"authenticator bit-flip"
1156615827,4,0,3,0,0,"authenticator bit-flip"
1158308759,4,0,3,0,0,"authenticator bit-flip"
1159634693,4,0,3,0,0,"authenticator bit-flip"
1161083180,4,0,3,0,0,"authenticator bit-flip"
1163382969,4,0,3,0,0,"authenticator bit-flip"
1165056146,4,0,3,0,0,"authenticator bit-flip"
1165974531,4,0,3,0,0,"authenticator bit-flip"
1167787952,4,0,3,0,0,"authenticator bit-flip"
1170741438,4,0,3,0,0,"authenticator bit-flip"
1173050612,4,0,3,0,0,"authenticator bit-flip"
1175317943,4,0,3,0,0,"authenticator bit-flip"
1177619987,4,0,3,0,0,"authenticator bit-flip"
1179882614,4,0,3,0,0,"authenticator bit-flip"
1182148164,4,0,3,0,0,"authenticator bit-flip"
1183861355,4,0,3,0,0,"authenticator bit-flip"
1184521582,4,0,3,0,0,"authenticator bit-flip"
1185218572,4,0,3,0,0,"authenticator bit-flip"
1185865040,4,0,3,0,0,"authenticator bit-flip"
1187532944,4,0,3,0,0,"authenticator bit-flip"
1189114751,4,0,3,0,0,"authenticator bit-flip"
1191370120,4,0,3,0,0,"authenticator bit-flip"
1193627548,4,0,3,0,0,"authenticator bit-flip"
1195870543,4,0,3,0,0,"authenticator bit-flip"
1198177803,4,0,3,0,0,"authenticator bit-flip"
1200450308,4,0,3,0,0,"authenticator bit-flip"
1201127404,4,0,3,0,0,"authenticator bit-flip"
1202690419,4,0,3,0,0,"authenticator bit-flip"
1203871254,4,0,3,0,0,"authenticator bit-flip"
1206125406,4,0,3,0,0,"authenticator bit-flip"
1208407041,4,0,3,0,0,"authenticator bit-flip"
1210702759,4,0,3,0,0,"authenticator bit-flip"
1212974230,4,0,3,0,0,"authenticator bit-flip"
1215226159,4,0,3,0,0,"authenticator bit-flip"
1217506744,4,0,3,0,0,"authenticator bit-flip"
1218191842,4,0,3,0,0,"authenticator bit-flip"
1219779330,4,0,3,0,0,"authenticator bit-flip"
1220980638,4,0,3,0,0,"authenticator bit-flip"
1222093191,4,0,3,0,0,"authenticator bit-flip"
1224363818,4,0,3,0,0,"authenticator bit-flip"
1226632156,4,0,3,0,0,"authenticator bit-flip"
1228951330,4,0,3,0,0,"authenticator bit-flip"
1231254572,4,0,3,0,0,"authenticator bit-flip"
1233538738,4,0,3,0,0,"authenticator bit-flip"
1235796536,4,0,3,0,0,"authenticator bit-flip"
1238086171,4,0,3,0,0,"authenticator bit-flip"
1240325432,4,0,3,0,0,"authenticator bit-flip"
1242590960,4,0,3,0,0,"authenticator bit-flip"
1244863581,4,0,3,0,0,"authenticator bit-flip"
1247173163,4,0,3,0,0,"authenticator bit-flip"
1249449685,4,0,3,0,0,"authenticator bit-flip"
1251706657,4,0,3,0,0,"authenticator bit-flip"
1253997248,4,0,3,0,0,"authenticator bit-flip"
1256251815,4,0,3,0,0,"authenticator bit-flip"
1258514624,4,0,3,0,0,"authenticator bit-flip"
1259705803,4,0,3,0,0,"authenticator bit-flip"
1262014061,4,0,3,0,0,"authenticator bit-flip"
1263189991,4,0,3,0,0,"authenticator bit-flip"
1265451359,4,0,3,0,0,"authenticator bit-flip"
1267749931,4,0,3,0,0,"authenticator bit-flip"
1270020373,4,0,3,0,0,"authenticator bit-flip"
1272293757,4,0,3,0,0,"authenticator bit-flip"
1274614408,4,0,3,0,0,"authenticator bit-flip"
1276885144,4,0,3,0,0,"authenticator bit-flip"
1279221559,4,0,3,0,0,"authenticator bit-flip"
1281483473,4,0,3,0,0,"authenticator bit-flip"
1283741059,4,0,3,0,0,"authenticator bit-flip"
1286171988,4,0,3,0,0,"authenticator bit-flip"
1288438453,4,0,3,0,0,"authenticator bit-flip"
1290733607,4,0,3,0,0,"authenticator bit-flip"
1291782198,4,0,3,0,0,"authenticator bit-flip"
1295518210,4,0,4,0,0,"freshness set to zero"
1297262426,4,0,4,0,0,"freshness set to zero"
1299540061,4,0,4,0,0,"freshness set to zero"
1301697142,4,0,4,0,0,"freshness set to zero"
1304019018,4,0,4,0,0,"freshness set to zero"
1306269428,4,0,4,0,0,"freshness set to zero"
1308634566,4,0,4,0,0,"freshness set to zero"
1310928961,4,0,4,0,0,"freshness set to zero"
1313190875,4,0,4,0,0,"freshness set to zero"
1315478018,4,0,4,0,0,"freshness set to zero"
1317792571,4,0,4,0,0,"freshness set to zero"
1320050782,4,0,4,0,0,"freshness set to zero"
1321231542,4,0,4,0,0,"freshness set to zero"
1323488584,4,0,4,0,0,"freshness set to zero"
1325739333,4,0,4,0,0,"freshness set to zero"
1328036680,4,0,4,0,0,"freshness set to zero"
1330303758,4,0,4,0,0,"freshness set to zero"
1332571483,4,0,4,0,0,"freshness set to zero"
1334867602,4,0,4,0,0,"freshness set to zero"
1337121776,4,0,4,0,0,"freshness set to zero"
1339355426,4,0,4,0,0,"freshness set to zero"
1341642742,4,0,4,0,0,"freshness set to zero"
1343855785,4,0,4,0,0,"freshness set to zero"
1346129072,4,0,4,0,0,"freshness set to zero"
1348395883,4,0,4,0,0,"freshness set to zero"
1350651582,4,0,4,0,0,"freshness set to zero"
1352892027,4,0,4,0,0,"freshness set to zero"
1355146962,4,0,4,0,0,"freshness set to zero"
1357394787,4,0,4,0,0,"freshness set to zero"
1359633214,4,0,4,0,0,"freshness set to zero"
1360776543,4,0,4,0,0,"freshness set to zero"
1363041738,4,0,4,0,0,"freshness set to zero"
1365398845,4,0,4,0,0,"freshness set to zero"
1367142935,4,0,4,0,0,"freshness set to zero"
1368762319,4,0,4,0,0,"freshness set to zero"
1371018670,4,0,4,0,0,"freshness set to zero"
1373253749,4,0,4,0,0,"freshness set to zero"
1375513638,4,0,4,0,0,"freshness set to zero"
1377765294,4,0,4,0,0,"freshness set to zero"
1380003226,4,0,4,0,0,"freshness set to zero"
1382235885,4,0,4,0,0,"freshness set to zero"
1384480261,4,0,4,0,0,"freshness set to zero"
1386698500,4,0,4,0,0,"freshness set to zero"
1388986310,4,0,4,0,0,"freshness set to zero"
1391243218,4,0,4,0,0,"freshness set to zero"
1393500299,4,0,4,0,0,"freshness set to zero"
1395750098,4,0,4,0,0,"freshness set to zero"
1398011883,4,0,4,0,0,"freshness set to zero"
1400307268,4,0,4,0,0,"freshness set to zero"
1402558638,4,0,4,0,0,"freshness set to zero"
1404777942,4,0,4,0,0,"freshness set to zero"
1406992136,4,0,4,0,0,"freshness set to zero"
1409232631,4,0,4,0,0,"freshness set to zero"
1411483266,4,0,4,0,0,"freshness set to zero"
1413784975,4,0,4,0,0,"freshness set to zero"
1416051914,4,0,4,0,0,"freshness set to zero"
1418346670,4,0,4,0,0,"freshness set to zero"
1420603749,4,0,4,0,0,"freshness set to zero"
1422871796,4,0,4,0,0,"freshness set to zero"
1425109412,4,0,4,0,0,"freshness set to zero"
1427358820,4,0,4,0,0,"freshness set to zero"
1429637542,4,0,4,0,0,"freshness set to zero"
1431876770,4,0,4,0,0,"freshness set to zero"
1434155839,4,0,4,0,0,"freshness set to zero"
1436409707,4,0,4,0,0,"freshness set to zero"
1438650045,4,0,4,0,0,"freshness set to zero"
1439744101,4,0,4,0,0,"freshness set to zero"
1442015771,4,0,4,0,0,"freshness set to zero"
1444266129,4,0,4,0,0,"freshness set to zero"
1446536539,4,0,4,0,0,"freshness set to zero"
1448786733,4,0,4,0,0,"freshness set to zero"
1451098170,4,0,4,0,0,"freshness set to zero"
1453374189,4,0,4,0,0,"freshness set to zero"
1455638887,4,0,4,0,0,"freshness set to zero"
1457886622,4,0,4,0,0,"freshness set to zero"
1460104715,4,0,4,0,0,"freshness set to zero"
1461278804,4,0,4,0,0,"freshness set to zero"
1463520120,4,0,4,0,0,"freshness set to zero"
1465781280,4,0,4,0,0,"freshness set to zero"
1468074424,4,0,4,0,0,"freshness set to zero"
1470353022,4,0,4,0,0,"freshness set to zero"
1472615347,4,0,4,0,0,"freshness set to zero"
1474911629,4,0,4,0,0,"freshness set to zero"
1477175566,4,0,4,0,0,"freshness set to zero"
1479429749,4,0,4,0,0,"freshness set to zero"
1481701853,4,0,4,0,0,"freshness set to zero"
1483978738,4,0,4,0,0,"freshness set to zero"
1486376995,4,0,4,0,0,"freshness set to zero"
1488622242,4,0,4,0,0,"freshness set to zero"
1490880156,4,0,4,0,0,"freshness set to zero"
1493111896,4,0,4,0,0,"freshness set to zero"
1495371058,4,0,4,0,0,"freshness set to zero"
1497571718,4,0,4,0,0,"freshness set to zero"
1499786509,4,0,4,0,0,"freshness set to zero"
1502044017,4,0,4,0,0,"freshness set to zero"
1504378165,4,0,4,0,0,"freshness set to zero"
1506654961,4,0,4,0,0,"freshness set to zero"
1508890713,4,0,4,0,0,"freshness set to zero"
1511162173,4,0,4,0,0,"freshness set to zero"
1512242639,4,0,4,0,0,"freshness set to zero"
1514528473,4,0,4,0,0,"freshness set to zero"
1516868818,4,0,4,0,0,"freshness set to zero"
1519152663,4,0,4,0,0,"freshness set to zero"
1521410769,4,0,4,0,0,"freshness set to zero"
1523755561,4,0,4,0,0,"freshness set to zero"
1526028778,4,0,4,0,0,"freshness set to zero"
1528298570,4,0,4,0,0,"freshness set to zero"
1530587326,4,0,4,0,0,"freshness set to zero"
1532874446,4,0,4,0,0,"freshness set to zero"
1535153169,4,0,4,0,0,"freshness set to zero"
1536261686,4,0,4,0,0,"freshness set to zero"
1537427166,4,0,4,0,0,"freshness set to zero"
1539668520,4,0,4,0,0,"freshness set to zero"
1541931391,4,0,4,0,0,"freshness set to zero"
1544165042,4,0,4,0,0,"freshness set to zero"
1546422162,4,0,4,0,0,"freshness set to zero"
1548667707,4,0,4,0,0,"freshness set to zero"
1550898347,4,0,4,0,0,"freshness set to zero"
1553139061,4,0,4,0,0,"freshness set to zero"
1555400111,4,0,4,0,0,"freshness set to zero"
1557644463,4,0,4,0,0,"freshness set to zero"
1559869048,4,0,4,0,0,"freshness set to zero"
1562134060,4,0,4,0,0,"freshness set to zero"
1564434138,4,0,4,0,0,"freshness set to zero"
1566681009,4,0,4,0,0,"freshness set to zero"
1568992246,4,0,4,0,0,"freshness set to zero"
1571261066,4,0,4,0,0,"freshness set to zero"
1573552678,4,0,4,0,0,"freshness set to zero"
1575801936,4,0,4,0,0,"freshness set to zero"
1578055008,4,0,4,0,0,"freshness set to zero"
1580285238,4,0,4,0,0,"freshness set to zero"
1582560195,4,0,4,0,0,"freshness set to zero"
1583639048,4,0,4,0,0,"freshness set to zero"
1585977907,4,0,4,0,0,"freshness set to zero"
1588231226,4,0,4,0,0,"freshness set to zero"
1590505349,4,0,4,0,0,"freshness set to zero"
1592744824,4,0,4,0,0,"freshness set to zero"
1594988637,4,0,4,0,0,"freshness set to zero"
1597275678,4,0,4,0,0,"freshness set to zero"
1599530804,4,0,4,0,0,"freshness set to zero"
1601793819,4,0,4,0,0,"freshness set to zero"
1604095495,4,0,4,0,0,"freshness set to zero"
1606365315,4,0,4,0,0,"freshness set to zero"
1608617334,4,0,4,0,0,"freshness set to zero"
1610884971,4,0,4,0,0,"freshness set to zero"
1613156412,4,0,4,0,0,"freshness set to zero"
1615432480,4,0,4,0,0,"freshness set to zero"
1617693823,4,0,4,0,0,"freshness set to zero"
1619947192,4,0,4,0,0,"freshness set to zero"
1622193715,4,0,4,0,0,"freshness set to zero"
1624441022,4,0,4,0,0,"freshness set to zero"
1626773414,4,0,4,0,0,"freshness set to zero"
1629011619,4,0,4,0,0,"freshness set to zero"
1631259183,4,0,4,0,0,"freshness set to zero"
1633517348,4,0,4,0,0,"freshness set to zero"
1635765558,4,0,4,0,0,"freshness set to zero"
1638024916,4,0,4,0,0,"freshness set to zero"
1640259573,4,0,4,0,0,"freshness set to zero"
1642477339,4,0,4,0,0,"freshness set to zero"
1644716393,4,0,4,0,0,"freshness set to zero"
1646985259,4,0,4,0,0,"freshness set to zero"
1649217641,4,0,4,0,0,"freshness set to zero"
1651444337,4,0,4,0,0,"freshness set to zero"
1653669590,4,0,4,0,0,"freshness set to zero"
1655912191,4,0,4,0,0,"freshness set to zero"
1658227456,4,0,4,0,0,"freshness set to zero"
1660531157,4,0,4,0,0,"freshness set to zero"
1662792651,4,0,4,0,0,"freshness set to zero"
1665063230,4,0,4,0,0,"freshness set to zero"
1667359064,4,0,4,0,0,"freshness set to zero"
1669608365,4,0,4,0,0,"freshness set to zero"
1671865623,4,0,4,0,0,"freshness set to zero"
1674105325,4,0,4,0,0,"freshness set to zero"
1676356269,4,0,4,0,0,"freshness set to zero"
1677527876,4,0,4,0,0,"freshness set to zero"
1679764050,4,0,4,0,0,"freshness set to zero"
1682028421,4,0,4,0,0,"freshness set to zero"
1684299334,4,0,4,0,0,"freshness set to zero"
1686519431,4,0,4,0,0,"freshness set to zero"
1688780978,4,0,4,0,0,"freshness set to zero"
1691043889,4,0,4,0,0,"freshness set to zero"
1693263249,4,0,4,0,0,"freshness set to zero"
1695490425,4,0,4,0,0,"freshness set to zero"
1697749192,4,0,4,0,0,"freshness set to zero"
1699987451,4,0,4,0,0,"freshness set to zero"
1702239890,4,0,4,0,0,"freshness set to zero"
1704515320,4,0,4,0,0,"freshness set to zero"
1706777144,4,0,4,0,0,"freshness set to zero"
1708998193,4,0,4,0,0,"freshness set to zero"
1711223584,4,0,4,0,0,"freshness set to zero"
1713442516,4,0,4,0,0,"freshness set to zero"
1715683582,4,0,4,0,0,"freshness set to zero"
1717912927,4,0,4,0,0,"freshness set to zero"
1720091998,4,0,4,0,0,"freshness set to zero"
1722360478,4,0,4,0,0,"freshness set to zero"
1724609384,4,0,4,0,0,"freshness set to zero"
1726847764,4,0,4,0,0,"freshness set to zero"
1729084291,4,0,4,0,0,"freshness set to zero"
1731370278,4,0,4,0,0,"freshness set to zero"
1733598335,4,0,4,0,0,"freshness set to zero"
1736911728,4,0,5,0,0,"key-confuse scramble"
1739150862,4,0,5,0,0,"key-confuse scramble"
1741443509,4,0,5,0,0,"key-confuse scramble"
1743689482,4,0,5,0,0,"key-confuse scramble"
1745963354,4,0,5,0,0,"key-confuse scramble"
1748237033,4,0,5,0,0,"key-confuse scramble"
1750501915,4,0,5,0,0,"key-confuse scramble"
1752764446,4,0,5,0,0,"key-confuse scramble"
1755000718,4,0,5,0,0,"key-confuse scramble"
1757239112,4,0,5,0,0,"key-confuse scramble"
1759492414,4,0,5,0,0,"key-confuse scramble"
1761757638,4,0,5,0,0,"key-confuse scramble"
1764042731,4,0,5,0,0,"key-confuse scramble"
1766326724,4,0,5,0,0,"key-confuse scramble"
1768579636,4,0,5,0,0,"key-confuse scramble"
1770865708,4,0,5,0,0,"key-confuse scramble"
1773139485,4,0,5,0,0,"key-confuse scramble"
1775387597,4,0,5,0,0,"key-confuse scramble"
1777653514,4,0,5,0,0,"key-confuse scramble"
1779909975,4,0,5,0,0,"key-confuse scramble"
1782168303,4,0,5,0,0,"key-confuse scramble"
1784408879,4,0,5,0,0,"key-confuse scramble"
1785600339,4,0,5,0,0,"key-confuse scramble"
1787853307,4,0,5,0,0,"key-confuse scramble"
1790104593,4,0,5,0,0,"key-confuse scramble"
1792358458,4,0,5,0,0,"key-confuse scramble"
1794611899,4,0,5,0,0,"key-confuse scramble"
1796876902,4,0,5,0,0,"key-confuse scramble"
1799120246,4,0,5,0,0,"key-confuse scramble"
1801408275,4,0,5,0,0,"key-confuse scramble"
1803636001,4,0,5,0,0,"key-confuse scramble"
1805985013,4,0,5,0,0,"key-confuse scramble"
1808104599,4,0,5,0,0,"key-confuse scramble"
1810400252,4,0,5,0,0,"key-confuse scramble"
1812723496,4,0,5,0,0,"key-confuse scramble"
1814989232,4,0,5,0,0,"key-confuse scramble"
1817231503,4,0,5,0,0,"key-confuse scramble"
1819457696,4,0,5,0,0,"key-confuse scramble"
1821681260,4,0,5,0,0,"key-confuse scramble"
1823964210,4,0,5,0,0,"key-confuse scramble"
1826240273,4,0,5,0,0,"key-confuse scramble"
1828551012,4,0,5,0,0,"key-confuse scramble"
1830790237,4,0,5,0,0,"key-confuse scramble"
1833036791,4,0,5,0,0,"key-confuse scramble"
1835268994,4,0,5,0,0,"key-confuse scramble"
1837497713,4,0,5,0,0,"key-confuse scramble"
1839780015,4,0,5,0,0,"key-confuse scramble"
1842077785,4,0,5,0,0,"key-confuse scramble"
1844345146,4,0,5,0,0,"key-confuse scramble"
1846565719,4,0,5,0,0,"key-confuse scramble"
1848769740,4,0,5,0,0,"key-confuse scramble"
1851042953,4,0,5,0,0,"key-confuse scramble"
1853329365,4,0,5,0,0,"key-confuse scramble"
1855589704,4,0,5,0,0,"key-confuse scramble"
1857890477,4,0,5,0,0,"key-confuse scramble"
1860152365,4,0,5,0,0,"key-confuse scramble"
1862454723,4,0,5,0,0,"key-confuse scramble"
1864179386,4,0,5,0,0,"key-confuse scramble"
1864843896,4,0,5,0,0,"key-confuse scramble"
1866001828,4,0,5,0,0,"key-confuse scramble"
1868288918,4,0,5,0,0,"key-confuse scramble"
1870544951,4,0,5,0,0,"key-confuse scramble"
1872776960,4,0,5,0,0,"key-confuse scramble"
1875039049,4,0,5,0,0,"key-confuse scramble"
1876141795,4,0,5,0,0,"key-confuse scramble"
1878428149,4,0,5,0,0,"key-confuse scramble"
1880681776,4,0,5,0,0,"key-confuse scramble"
1882955976,4,0,5,0,0,"key-confuse scramble"
1884123384,4,0,5,0,0,"key-confuse scramble"
1885488133,4,0,5,0,0,"key-confuse scramble"
1887769961,4,0,5,0,0,"key-confuse scramble"
1890025130,4,0,5,0,0,"key-confuse scramble"
1892275893,4,0,5,0,0,"key-confuse scramble"
1894525544,4,0,5,0,0,"key-confuse scramble"
1896767568,4,0,5,0,0,"key-confuse scramble"
1899007242,4,0,5,0,0,"key-confuse scramble"
1901232568,4,0,5,0,0,"key-confuse scramble"
1903484798,4,0,5,0,0,"key-confuse scramble"
1905746586,4,0,5,0,0,"key-confuse scramble"
1908059563,4,0,5,0,0,"key-confuse scramble"
1910315961,4,0,5,0,0,"key-confuse scramble"
1912576417,4,0,5,0,0,"key-confuse scramble"
1914843778,4,0,5,0,0,"key-confuse scramble"
1917161562,4,0,5,0,0,"key-confuse scramble"
1919456778,4,0,5,0,0,"key-confuse scramble"
1921745484,4,0,5,0,0,"key-confuse scramble"
1924021586,4,0,5,0,0,"key-confuse scramble"
1926276495,4,0,5,0,0,"key-confuse scramble"
1928538522,4,0,5,0,0,"key-confuse scramble"
1930227971,4,0,5,0,0,"key-confuse scramble"
1930910333,4,0,5,0,0,"key-confuse scramble"
1931938839,4,0,5,0,0,"key-confuse scramble"
1934205841,4,0,5,0,0,"key-confuse scramble"
1936486876,4,0,5,0,0,"key-confuse scramble"
1938754237,4,0,5,0,0,"key-confuse scramble"
1941035797,4,0,5,0,0,"key-confuse scramble"
1943399118,4,0,5,0,0,"key-confuse scramble"
1945668355,4,0,5,0,0,"key-confuse scramble"
1947954308,4,0,5,0,0,"key-confuse scramble"
1950214212,4,0,5,0,0,"key-confuse scramble"
1952502329,4,0,5,0,0,"key-confuse scramble"
1954835341,4,0,5,0,0,"key-confuse scramble"
1957140894,4,0,5,0,0,"key-confuse scramble"
1959403601,4,0,5,0,0,"key-confuse scramble"
1961722783,4,0,5,0,0,"key-confuse scramble"
1964002013,4,0,5,0,0,"key-confuse scramble"
1966309844,4,0,5,0,0,"key-confuse scramble"
1968603713,4,0,5,0,0,"key-confuse scramble"
1970931439,4,0,5,0,0,"key-confuse scramble"
1971742163,4,0,5,0,0,"key-confuse scramble"
1972506253,4,0,5,0,0,"key-confuse scramble"
1973158756,4,0,5,0,0,"key-confuse scramble"
1974291286,4,0,5,0,0,"key-confuse scramble"
1976518128,4,0,5,0,0,"key-confuse scramble"
1978762908,4,0,5,0,0,"key-confuse scramble"
1981042261,4,0,5,0,0,"key-confuse scramble"
1983319693,4,0,5,0,0,"key-confuse scramble"
1985551164,4,0,5,0,0,"key-confuse scramble"
1987772966,4,0,5,0,0,"key-confuse scramble"
1990034085,4,0,5,0,0,"key-confuse scramble"
1992293361,4,0,5,0,0,"key-confuse scramble"
1994542245,4,0,5,0,0,"key-confuse scramble"
1996765152,4,0,5,0,0,"key-confuse scramble"
1999026402,4,0,5,0,0,"key-confuse scramble"
2001267911,4,0,5,0,0,"key-confuse scramble"
2003509595,4,0,5,0,0,"key-confuse scramble"
2005762984,4,0,5,0,0,"key-confuse scramble"
2007995998,4,0,5,0,0,"key-confuse scramble"
2010249690,4,0,5,0,0,"key-confuse scramble"
2011334367,4,0,5,0,0,"key-confuse scramble"
2013621838,4,0,5,0,0,"key-confuse scramble"
2015883977,4,0,5,0,0,"key-confuse scramble"
2018144256,4,0,5,0,0,"key-confuse scramble"
2020415285,4,0,5,0,0,"key-confuse scramble"
2022785231,4,0,5,0,0,"key-confuse scramble"
2025061970,4,0,5,0,0,"key-confuse scramble"
2027346898,4,0,5,0,0,"key-confuse scramble"
2029654119,4,0,5,0,0,"key-confuse scramble"
2031880371,4,0,5,0,0,"key-confuse scramble"
2034123174,4,0,5,0,0,"key-confuse scramble"
2036392157,4,0,5,0,0,"key-confuse scramble"
2038652565,4,0,5,0,0,"key-confuse scramble"
2040914738,4,0,5,0,0,"key-confuse scramble"
2043220613,4,0,5,0,0,"key-confuse scramble"
2045556119,4,0,5,0,0,"key-confuse scramble"
2047780463,4,0,5,0,0,"key-confuse scramble"
2050051714,4,0,5,0,0,"key-confuse scramble"
2052308606,4,0,5,0,0,"key-confuse scramble"
2054568531,4,0,5,0,0,"key-confuse scramble"
2056821025,4,0,5,0,0,"key-confuse scramble"
2059123339,4,0,5,0,0,"key-confuse scramble"
2061396943,4,0,5,0,0,"key-confuse scramble"
2063666845,4,0,5,0,0,"key-confuse scramble"
2065961860,4,0,5,0,0,"key-confuse scramble"
2067132383,4,0,5,0,0,"key-confuse scramble"
2069410103,4,0,5,0,0,"key-confuse scramble"
2071651841,4,0,5,0,0,"key-confuse scramble"
2073900932,4,0,5,0,0,"key-confuse scramble"
2076177671,4,0,5,0,0,"key-confuse scramble"
2078470902,4,0,5,0,0,"key-confuse scramble"
2080751287,4,0,5,0,0,"key-confuse scramble"
2083140094,4,0,5,0,0,"key-confuse scramble"
2085439097,4,0,5,0,0,"key-confuse scramble"
2087685158,4,0,5,0,0,"key-confuse scramble"
2089931063,4,0,5,0,0,"key-confuse scramble"
2092210696,4,0,5,0,0,"key-confuse scramble"
2094455043,4,0,5,0,0,"key-confuse scramble"
2096744610,4,0,5,0,0,"key-confuse scramble"
2099020042,4,0,5,0,0,"key-confuse scramble"
2101280081,4,0,5,0,0,"key-confuse scramble"
2103547219,4,0,5,0,0,"key-confuse scramble"
2105872221,4,0,5,0,0,"key-confuse scramble"
2108137237,4,0,5,0,0,"key-confuse scramble"
2110360333,4,0,5,0,0,"key-confuse scramble"
2112632399,4,0,5,0,0,"key-confuse scramble"
2114888100,4,0,5,0,0,"key-confuse scramble"
2117241243,4,0,5,0,0,"key-confuse scramble"
2119531150,4,0,5,0,0,"key-confuse scramble"
2121854927,4,0,5,0,0,"key-confuse scramble"
2124132604,4,0,5,0,0,"key-confuse scramble"
2126402816,4,0,5,0,0,"key-confuse scramble"
2128654542,4,0,5,0,0,"key-confuse scramble"
2130915682,4,0,5,0,0,"key-confuse scramble"
2133191016,4,0,5,0,0,"key-confuse scramble"
2135441666,4,0,5,0,0,"key-confuse scramble"
2137732028,4,0,5,0,0,"key-confuse scramble"
2139989921,4,0,5,0,0,"key-confuse scramble"
2142269972,4,0,5,0,0,"key-confuse scramble"
2144537904,4,0,5,0,0,"key-confuse scramble"
2146785715,4,0,5,0,0,"key-confuse scramble"
2149069957,4,0,5,0,0,"key-confuse scramble"
2151332803,4,0,5,0,0,"key-confuse scramble"
2153610243,4,0,5,0,0,"key-confuse scramble"
2155969466,4,0,5,0,0,"key-confuse scramble"
2158230858,4,0,5,0,0,"key-confuse scramble"
2160538038,4,0,5,0,0,"key-confuse scramble"
2162780992,4,0,5,0,0,"key-confuse scramble"
2165030931,4,0,5,0,0,"key-confuse scramble"
2167373879,4,0,5,0,0,"key-confuse scramble"
2168333001,4,0,5,0,0,"key-confuse scramble"
2171023309,4,0,7,0,0,"signature tail fuzz"
2171828405,4,0,7,0,0,"signature tail fuzz"
2174113788,4,0,7,0,0,"signature tail fuzz"
2176380462,4,0,7,0,0,"signature tail fuzz"
2178661580,4,0,7,0,0,"signature tail fuzz"
2180891525,4,0,7,0,0,"signature tail fuzz"
2183149785,4,0,7,0,0,"signature tail fuzz"
2185449434,4,0,7,0,0,"signature tail fuzz"
2187750933,4,0,7,0,0,"signature tail fuzz"
2188687265,4,0,7,0,0,"signature tail fuzz"
2190130468,4,0,7,0,0,"signature tail fuzz"
2192392775,4,0,7,0,0,"signature tail fuzz"
2194677270,4,0,7,0,0,"signature tail fuzz"
2196455987,4,0,7,0,0,"signature tail fuzz"
2198066126,4,0,7,0,0,"signature tail fuzz"
2200327685,4,0,7,0,0,"signature tail fuzz"
2202585667,4,0,7,0,0,"signature tail fuzz"
2204860064,4,0,7,0,0,"signature tail fuzz"
2205646894,4,0,7,0,0,"signature tail fuzz"
2207136576,4,0,7,0,0,"signature tail fuzz"
2209395414,4,0,7,0,0,"signature tail fuzz"
2211664997,4,0,7,0,0,"signature tail fuzz"
2213971551,4,0,7,0,0,"signature tail fuzz"
2216303883,4,0,7,0,0,"signature tail fuzz"
2218595082,4,0,7,0,0,"signature tail fuzz"
2220869419,4,0,7,0,0,"signature tail fuzz"
2221576884,4,0,7,0,0,"signature tail fuzz"
2223081196,4,0,7,0,0,"signature tail fuzz"
2224239204,4,0,7,0,0,"signature tail fuzz"
2226544238,4,0,7,0,0,"signature tail fuzz"
2228782971,4,0,7,0,0,"signature tail fuzz"
2231048877,4,0,7,0,0,"signature tail fuzz"
2233301958,4,0,7,0,0,"signature tail fuzz"
2235570165,4,0,7,0,0,"signature tail fuzz"
2236705210,4,0,7,0,0,"signature tail fuzz"
2239006566,4,0,7,0,0,"signature tail fuzz"
2241272020,4,0,7,0,0,"signature tail fuzz"
2243523131,4,0,7,0,0,"signature tail fuzz"
2245773460,4,0,7,0,0,"signature tail fuzz"
2248022002,4,0,7,0,0,"signature tail fuzz"
2250278544,4,0,7,0,0,"signature tail fuzz"
2252592092,4,0,7,0,0,"signature tail fuzz"
2254858144,4,0,7,0,0,"signature tail fuzz"
2257135676,4,0,7,0,0,"signature tail fuzz"
2259397158,4,0,7,0,0,"signature tail fuzz"
2261649941,4,0,7,0,0,"signature tail fuzz"
2263896538,4,0,7,0,0,"signature tail fuzz"
2266133786,4,0,7,0,0,"signature tail fuzz"
2268412462,4,0,7,0,0,"signature tail fuzz"
2270674756,4,0,7,0,0,"signature tail fuzz"
2272929144,4,0,7,0,0,"signature tail fuzz"
2275205826,4,0,7,0,0,"signature tail fuzz"
2277492705,4,0,7,0,0,"signature tail fuzz"
2278665787,4,0,7,0,0,"signature tail fuzz"
2279570228,4,0,7,0,0,"signature tail fuzz"
2280324277,4,0,7,0,0,"signature tail fuzz"
2281999912,4,0,7,0,0,"signature tail fuzz"
2284245818,4,0,7,0,0,"signature tail fuzz"
2286657763,4,0,7,0,0,"signature tail fuzz"
2288864269,4,0,7,0,0,"signature tail fuzz"
2291174860,4,0,7,0,0,"signature tail fuzz"
2293387753,4,0,7,0,0,"signature tail fuzz"
2295632317,4,0,7,0,0,"signature tail fuzz"
2297341977,4,0,7,0,0,"signature tail fuzz"
2298009268,4,0,7,0,0,"signature tail fuzz"
2298836214,4,0,7,0,0,"signature tail fuzz"
2301185494,4,0,7,0,0,"signature tail fuzz"
2303440353,4,0,7,0,0,"signature tail fuzz"
2305692987,4,0,7,0,0,"signature tail fuzz"
2307972201,4,0,7,0,0,"signature tail fuzz"
2310253540,4,0,7,0,0,"signature tail fuzz"
2312542765,4,0,7,0,0,"signature tail fuzz"
2314269812,4,0,7,0,0,"signature tail fuzz"
2314901803,4,0,7,0,0,"signature tail fuzz"
2316435205,4,0,7,0,0,"signature tail fuzz"
2318069611,4,0,7,0,0,"signature tail fuzz"
2320322465,4,0,7,0,0,"signature tail fuzz"
2322579157,4,0,7,0,0,"signature tail fuzz"
2324836099,4,0,7,0,0,"signature tail fuzz"
2327073117,4,0,7,0,0,"signature tail fuzz"
2329337688,4,0,7,0,0,"signature tail fuzz"
2331122648,4,0,7,0,0,"signature tail fuzz"
2331795355,4,0,7,0,0,"signature tail fuzz"
2334058052,4,0,7,0,0,"signature tail fuzz"
2336361979,4,0,7,0,0,"signature tail fuzz"
2338622019,4,0,7,0,0,"signature tail fuzz"
2340863209,4,0,7,0,0,"signature tail fuzz"
2343131451,4,0,7,0,0,"signature tail fuzz"
2345363943,4,0,7,0,0,"signature tail fuzz"
2347612867,4,0,7,0,0,"signature tail fuzz"
2349861478,4,0,7,0,0,"signature tail fuzz"
2350939865,4,0,7,0,0,"signature tail fuzz"
2353200481,4,0,7,0,0,"signature tail fuzz"
2355451213,4,0,7,0,0,"signature tail fuzz"
2357723416,4,0,7,0,0,"signature tail fuzz"
2360006159,4,0,7,0,0,"signature tail fuzz"
2362287820,4,0,7,0,0,"signature tail fuzz"
2364592931,4,0,7,0,0,"signature tail fuzz"
2366875801,4,0,7,0,0,"signature tail fuzz"
2369159483,4,0,7,0,0,"signature tail fuzz"
2371440315,4,0,7,0,0,"signature tail fuzz"
2373738844,4,0,7,0,0,"signature tail fuzz"
2375985459,4,0,7,0,0,"signature tail fuzz"
2378293514,4,0,7,0,0,"signature tail fuzz"
2380580956,4,0,7,0,0,"signature tail fuzz"
2382850147,4,0,7,0,0,"signature tail fuzz"
2385102898,4,0,7,0,0,"signature tail fuzz"
2387333413,4,0,7,0,0,"signature tail fuzz"
2389586518,4,0,7,0,0,"signature tail fuzz"
2391795592,4,0,7,0,0,"signature tail fuzz"
2394090453,4,0,7,0,0,"signature tail fuzz"
2396323014,4,0,7,0,0,"signature tail fuzz"
2398550896,4,0,7,0,0,"signature tail fuzz"
2400774553,4,0,7,0,0,"signature tail fuzz"
2403036898,4,0,7,0,0,"signature tail fuzz"
2405301502,4,0,7,0,0,"signature tail fuzz"
2407547987,4,0,7,0,0,"signature tail fuzz"
2409773810,4,0,7,0,0,"signature tail fuzz"
2412049256,4,0,7,0,0,"signature tail fuzz"
2414292994,4,0,7,0,0,"signature tail fuzz"
2416564070,4,0,7,0,0,"signature tail fuzz"
2418789178,4,0,7,0,0,"signature tail fuzz"
2419979058,4,0,7,0,0,"signature tail fuzz"
2422302723,4,0,7,0,0,"signature tail fuzz"
2424594563,4,0,7,0,0,"signature tail fuzz"
2426871090,4,0,7,0,0,"signature tail fuzz"
2429138437,4,0,7,0,0,"signature tail fuzz"
2431430407,4,0,7,0,0,"signature tail fuzz"
2433717160,4,0,7,0,0,"signature tail fuzz"
2434898914,4,0,7,0,0,"signature tail fuzz"
2437145729,4,0,7,0,0,"signature tail fuzz"
2439385966,4,0,7,0,0,"signature tail fuzz"
2441684323,4,0,7,0,0,"signature tail fuzz"
2444041568,4,0,7,0,0,"signature tail fuzz"
2446337696,4,0,7,0,0,"signature tail fuzz"
2448628354,4,0,7,0,0,"signature tail fuzz"
2450868129,4,0,7,0,0,"signature tail fuzz"
2451576948,4,0,7,0,0,"signature tail fuzz"
2453209792,4,0,7,0,0,"signature tail fuzz"
2454400774,4,0,7,0,0,"signature tail fuzz"
2456662943,4,0,7,0,0,"signature tail fuzz"
2458993089,4,0,7,0,0,"signature tail fuzz"
2461253667,4,0,7,0,0,"signature tail fuzz"
2463516021,4,0,7,0,0,"signature tail fuzz"
2465774695,4,0,7,0,0,"signature tail fuzz"
2467576781,4,0,7,0,0,"signature tail fuzz"
2469143050,4,0,7,0,0,"signature tail fuzz"
2470320740,4,0,7,0,0,"signature tail fuzz"
2472581140,4,0,7,0,0,"signature tail fuzz"
2474860811,4,0,7,0,0,"signature tail fuzz"
2477118928,4,0,7,0,0,"signature tail fuzz"
2479359671,4,0,7,0,0,"signature tail fuzz"
2481607066,4,0,7,0,0,"signature tail fuzz"
2483889522,4,0,7,0,0,"signature tail fuzz"
2486325883,4,0,7,0,0,"signature tail fuzz"
2488587975,4,0,7,0,0,"signature tail fuzz"
2489674270,4,0,7,0,0,"signature tail fuzz"
2492005733,4,0,7,0,0,"signature tail fuzz"
2494288002,4,0,7,0,0,"signature tail fuzz"
2496563908,4,0,7,0,0,"signature tail fuzz"
2498781786,4,0,7,0,0,"signature tail fuzz"
2501203554,4,0,7,0,0,"signature tail fuzz"
2503479753,4,0,7,0,0,"signature tail fuzz"
2505624943,4,0,7,0,0,"signature tail fuzz"
2507891029,4,0,7,0,0,"signature tail fuzz"
2510149862,4,0,7,0,0,"signature tail fuzz"
2512423656,4,0,7,0,0,"signature tail fuzz"
2514732596,4,0,7,0,0,"signature tail fuzz"
2516998513,4,0,7,0,0,"signature tail fuzz"
2519329421,4,0,7,0,0,"signature tail fuzz"
2521594008,4,0,7,0,0,"signature tail fuzz"
2523857367,4,0,7,0,0,"signature tail fuzz"
2526139510,4,0,7,0,0,"signature tail fuzz"
2528406605,4,0,7,0,0,"signature tail fuzz"
2530666304,4,0,7,0,0,"signature tail fuzz"
2532982606,4,0,7,0,0,"signature tail fuzz"
2535258993,4,0,7,0,0,"signature tail fuzz"
2537514588,4,0,7,0,0,"signature tail fuzz"
2538571161,4,0,7,0,0,"signature tail fuzz"
2539805258,4,0,7,0,0,"signature tail fuzz"
2542040245,4,0,7,0,0,"signature tail fuzz"
2544284331,4,0,7,0,0,"signature tail fuzz"
2546571262,4,0,7,0,0,"signature tail fuzz"
2548830493,4,0,7,0,0,"signature tail fuzz"
2551083686,4,0,7,0,0,"signature tail fuzz"
2553329889,4,0,7,0,0,"signature tail fuzz"
2555608025,4,0,7,0,0,"signature tail fuzz"
2557901195,4,0,7,0,0,"signature tail fuzz"
2558999446,4,0,7,0,0,"signature tail fuzz"
2561234196,4,0,7,0,0,"signature tail fuzz"
2563496120,4,0,7,0,0,"signature tail fuzz"
2565741100,4,0,7,0,0,"signature tail fuzz"
2567966238,4,0,7,0,0,"signature tail fuzz"
2570211921,4,0,7,0,0,"signature tail fuzz"
2571359973,4,0,7,0,0,"signature tail fuzz"
2573622417,4,0,7,0,0,"signature tail fuzz"
2575871453,4,0,7,0,0,"signature tail fuzz"
2578134299,4,0,7,0,0,"signature tail fuzz"
2580382795,4,0,7,0,0,"signature tail fuzz"
2582618769,4,0,7,0,0,"signature tail fuzz"
2586295133,4,0,8,0,0,"mode forced to HMAC"
2588339839,4,0,8,0,0,"mode forced to HMAC"
2590620787,4,0,8,0,0,"mode forced to HMAC"
2592904761,4,0,8,0,0,"mode forced to HMAC"
2595209182,4,0,8,0,0,"mode forced to HMAC"
2597469308,4,0,8,0,0,"mode forced to HMAC"
2599762940,4,0,8,0,0,"mode forced to HMAC"
2602041197,4,0,8,0,0,"mode forced to HMAC"
2604298716,4,0,8,0,0,"mode forced to HMAC"
2606570611,4,0,8,0,0,"mode forced to HMAC"
2608847911,4,0,8,0,0,"mode forced to HMAC"
2611126398,4,0,8,0,0,"mode forced to HMAC"
2613458721,4,0,8,0,0,"mode forced to HMAC"
2615696953,4,0,8,0,0,"mode forced to HMAC"
2617930133,4,0,8,0,0,"mode forced to HMAC"
2620220342,4,0,8,0,0,"mode forced to HMAC"
2622453374,4,0,8,0,0,"mode forced to HMAC"
2624746912,4,0,8,0,0,"mode forced to HMAC"
2627003727,4,0,8,0,0,"mode forced to HMAC"
2629223179,4,0,8,0,0,"mode forced to HMAC"
2631477581,4,0,8,0,0,"mode forced to HMAC"
2632637845,4,0,8,0,0,"mode forced to HMAC"
2634870956,4,0,8,0,0,"mode forced to HMAC"
2637120818,4,0,8,0,0,"mode forced to HMAC"
2639386000,4,0,8,0,0,"mode forced to HMAC"
2641650136,4,0,8,0,0,"mode forced to HMAC"
2643962697,4,0,8,0,0,"mode forced to HMAC"
2646228991,4,0,8,0,0,"mode forced to HMAC"
2648504166,4,0,8,0,0,"mode forced to HMAC"
2650793135,4,0,8,0,0,"mode forced to HMAC"
2653048163,4,0,8,0,0,"mode forced to HMAC"
2655326170,4,0,8,0,0,"mode forced to HMAC"
2657645807,4,0,8,0,0,"mode forced to HMAC"
2659883400,4,0,8,0,0,"mode forced to HMAC"
2662122291,4,0,8,0,0,"mode forced to HMAC"
2664365506,4,0,8,0,0,"mode forced to HMAC"
2666646959,4,0,8,0,0,"mode forced to HMAC"
2668910740,4,0,8,0,0,"mode forced to HMAC"
2671181073,4,0,8,0,0,"mode forced to HMAC"
2672334425,4,0,8,0,0,"mode forced to HMAC"
2674590513,4,0,8,0,0,"mode forced to HMAC"
2676885085,4,0,8,0,0,"mode forced to HMAC"
2679233918,4,0,8,0,0,"mode forced to HMAC"
2681500434,4,0,8,0,0,"mode forced to HMAC"
2683773539,4,0,8,0,0,"mode forced to HMAC"
2686007516,4,0,8,0,0,"mode forced to HMAC"
2688287400,4,0,8,0,0,"mode forced to HMAC"
2690593433,4,0,8,0,0,"mode forced to HMAC"
2692843074,4,0,8,0,0,"mode forced to HMAC"
2695111102,4,0,8,0,0,"mode forced to HMAC"
2697015275,4,0,8,0,0,"mode forced to HMAC"
2698456310,4,0,8,0,0,"mode forced to HMAC"
2699616086,4,0,8,0,0,"mode forced to HMAC"
2701965652,4,0,8,0,0,"mode forced to HMAC"
2704226461,4,0,8,0,0,"mode forced to HMAC"
2706465518,4,0,8,0,0,"mode forced to HMAC"
2708781773,4,0,8,0,0,"mode forced to HMAC"
2711048051,4,0,8,0,0,"mode forced to HMAC"
2712315022,4,0,8,0,0,"mode forced to HMAC"
2714765799,4,0,8,0,0,"mode forced to HMAC"
2717040760,4,0,8,0,0,"mode forced to HMAC"
2719364442,4,0,8,0,0,"mode forced to HMAC"
2721614668,4,0,8,0,0,"mode forced to HMAC"
2723860644,4,0,8,0,0,"mode forced to HMAC"
2726146840,4,0,8,0,0,"mode forced to HMAC"
2728410891,4,0,8,0,0,"mode forced to HMAC"
2730671553,4,0,8,0,0,"mode forced to HMAC"
2732867628,4,0,8,0,0,"mode forced to HMAC"
2735110948,4,0,8,0,0,"mode forced to HMAC"
2735763904,4,0,8,0,0,"mode forced to HMAC"
2737375839,4,0,8,0,0,"mode forced to HMAC"
2739612414,4,0,8,0,0,"mode forced to HMAC"
2741840964,4,0,8,0,0,"mode forced to HMAC"
2744090226,4,0,8,0,0,"mode forced to HMAC"
2746346625,4,0,8,0,0,"mode forced to HMAC"
2748600313,4,0,8,0,0,"mode forced to HMAC"
2750940901,4,0,8,0,0,"mode forced to HMAC"
2753238976,4,0,8,0,0,"mode forced to HMAC"
2755545477,4,0,8,0,0,"mode forced to HMAC"
2757787440,4,0,8,0,0,"mode forced to HMAC"
2760044299,4,0,8,0,0,"mode forced to HMAC"
2762295729,4,0,8,0,0,"mode forced to HMAC"
2764561539,4,0,8,0,0,"mode forced to HMAC"
2766843322,4,0,8,0,0,"mode forced to HMAC"
2769093994,4,0,8,0,0,"mode forced to HMAC"
2771351595,4,0,8,0,0,"mode forced to HMAC"
2772420176,4,0,8,0,0,"mode forced to HMAC"
2774664790,4,0,8,0,0,"mode forced to HMAC"
2776891702,4,0,8,0,0,"mode forced to HMAC"
2779136147,4,0,8,0,0,"mode forced to HMAC"
2781426024,4,0,8,0,0,"mode forced to HMAC"
2783689583,4,0,8,0,0,"mode forced to HMAC"
2786171303,4,0,8,0,0,"mode forced to HMAC"
2788445513,4,0,8,0,0,"mode forced to HMAC"
2790723467,4,0,8,0,0,"mode forced to HMAC"
2792981092,4,0,8,0,0,"mode forced to HMAC"
2795272842,4,0,8,0,0,"mode forced to HMAC"
2797528775,4,0,8,0,0,"mode forced to HMAC"
2799794797,4,0,8,0,0,"mode forced to HMAC"
2802079022,4,0,8,0,0,"mode forced to HMAC"
2804333855,4,0,8,0,0,"mode forced to HMAC"
2806595630,4,0,8,0,0,"mode forced to HMAC"
2808839394,4,0,8,0,0,"mode forced to HMAC"
2811091794,4,0,8,0,0,"mode forced to HMAC"
2813308748,4,0,8,0,0,"mode forced to HMAC"
2815559657,4,0,8,0,0,"mode forced to HMAC"
2817494241,4,0,8,0,0,"mode forced to HMAC"
2818872475,4,0,8,0,0,"mode forced to HMAC"
2821173707,4,0,8,0,0,"mode forced to HMAC"
2823452676,4,0,8,0,0,"mode forced to HMAC"
2825768980,4,0,8,0,0,"mode forced to HMAC"
2828047734,4,0,8,0,0,"mode forced to HMAC"
2830304378,4,0,8,0,0,"mode forced to HMAC"
2832578109,4,0,8,0,0,"mode forced to HMAC"
2834843669,4,0,8,0,0,"mode forced to HMAC"
2837107011,4,0,8,0,0,"mode forced to HMAC"
2839364322,4,0,8,0,0,"mode forced to HMAC"
2841651234,4,0,8,0,0,"mode forced to HMAC"
2843958832,4,0,8,0,0,"mode forced to HMAC"
2846304880,4,0,8,0,0,"mode forced to HMAC"
2848565623,4,0,8,0,0,"mode forced to HMAC"
2850796568,4,0,8,0,0,"mode forced to HMAC"
2853081957,4,0,8,0,0,"mode forced to HMAC"
2855350519,4,0,8,0,0,"mode forced to HMAC"
2857647134,4,0,8,0,0,"mode forced to HMAC"
2859873700,4,0,8,0,0,"mode forced to HMAC"
2862104784,4,0,8,0,0,"mode forced to HMAC"
2864337953,4,0,8,0,0,"mode forced to HMAC"
2866584113,4,0,8,0,0,"mode forced to HMAC"
2868847448,4,0,8,0,0,"mode forced to HMAC"
2871131071,4,0,8,0,0,"mode forced to HMAC"
2872855219,4,0,8,0,0,"mode forced to HMAC"
2874492234,4,0,8,0,0,"mode forced to HMAC"
2876741356,4,0,8,0,0,"mode forced to HMAC"
2879020374,4,0,8,0,0,"mode forced to HMAC"
2881288965,4,0,8,0,0,"mode forced to HMAC"
2883569318,4,0,8,0,0,"mode forced to HMAC"
2885999718,4,0,8,0,0,"mode forced to HMAC"
2888249036,4,0,8,0,0,"mode forced to HMAC"
2890531390,4,0,8,0,0,"mode forced to HMAC"
2892799314,4,0,8,0,0,"mode forced to HMAC"
2895064082,4,0,8,0,0,"mode forced to HMAC"
2897333048,4,0,8,0,0,"mode forced to HMAC"
2899602411,4,0,8,0,0,"mode forced to HMAC"
2901897073,4,0,8,0,0,"mode forced to HMAC"
2904165694,4,0,8,0,0,"mode forced to HMAC"
2906457103,4,0,8,0,0,"mode forced to HMAC"
2908779545,4,0,8,0,0,"mode forced to HMAC"
2911070110,4,0,8,0,0,"mode forced to HMAC"
2913338345,4,0,8,0,0,"mode forced to HMAC"
2915565565,4,0,8,0,0,"mode forced to HMAC"
2916653052,4,0,8,0,0,"mode forced to HMAC"
2918952576,4,0,8,0,0,"mode forced to HMAC"
2921306305,4,0,8,0,0,"mode forced to HMAC"
2923593346,4,0,8,0,0,"mode forced to HMAC"
2925913571,4,0,8,0,0,"mode forced to HMAC"
2928168545,4,0,8,0,0,"mode forced to HMAC"
2931213923,4,0,8,0,0,"mode forced to HMAC"
2933024045,4,0,8,0,0,"mode forced to HMAC"
2934764434,4,0,8,0,0,"mode forced to HMAC"
2936981028,4,0,8,0,0,"mode forced to HMAC"
2939256066,4,0,8,0,0,"mode forced to HMAC"
2941594658,4,0,8,0,0,"mode forced to HMAC"
2943850793,4,0,8,0,0,"mode forced to HMAC"
2946092550,4,0,8,0,0,"mode forced to HMAC"
2948370499,4,0,8,0,0,"mode forced to HMAC"
2950632549,4,0,8,0,0,"mode forced to HMAC"
2952866219,4,0,8,0,0,"mode forced to HMAC"
2955116222,4,0,8,0,0,"mode forced to HMAC"
2957409144,4,0,8,0,0,"mode forced to HMAC"
2959682153,4,0,8,0,0,"mode forced to HMAC"
2961942776,4,0,8,0,0,"mode forced to HMAC"
2964220038,4,0,8,0,0,"mode forced to HMAC"
2966484110,4,0,8,0,0,"mode forced to HMAC"
2968743394,4,0,8,0,0,"mode forced to HMAC"
2971028553,4,0,8,0,0,"mode forced to HMAC"
2973264272,4,0,8,0,0,"mode forced to HMAC"
2974069366,4,0,8,0,0,"mode forced to HMAC"
2974743806,4,0,8,0,0,"mode forced to HMAC"
2975434929,4,0,8,0,0,"mode forced to HMAC"
2977042438,4,0,8,0,0,"mode forced to HMAC"
2977772114,4,0,8,0,0,"mode forced to HMAC"
2978436057,4,0,8,0,0,"mode forced to HMAC"
2979078431,4,0,8,0,0,"mode forced to HMAC"
2980787489,4,0,8,0,0,"mode forced to HMAC"
2983027428,4,0,8,0,0,"mode forced to HMAC"
2985308729,4,0,8,0,0,"mode forced to HMAC"
2987577024,4,0,8,0,0,"mode forced to HMAC"
2989777583,4,0,8,0,0,"mode forced to HMAC"
2992024181,4,0,8,0,0,"mode forced to HMAC"
2994321493,4,0,8,0,0,"mode forced to HMAC"
2996593899,4,0,8,0,0,"mode forced to HMAC"
2998872341,4,0,8,0,0,"mode forced to HMAC"
3001121808,4,0,8,0,0,"mode forced to HMAC"
3003387704,4,0,8,0,0,"mode forced to HMAC"
3005688332,4,0,8,0,0,"mode forced to HMAC"
3007957363,4,0,8,0,0,"mode forced to HMAC"
3010219725,4,0,8,0,0,"mode forced to HMAC"
3012486891,4,0,8,0,0,"mode forced to HMAC"
3014780284,4,0,8,0,0,"mode forced to HMAC"
